month,type_of_broadband,number_of_subscriptions
2002-01,Residential,132400
2002-01,Corporate,12600
2002-02,Residential,137700
2002-02,Corporate,12900
2002-03,Residential,145000
2002-03,Corporate,13600
2002-04,Residential,152700
2002-04,Corporate,14300
2002-05,Residential,160500
2002-05,Corporate,15100
2002-06,Residential,167100
2002-06,Corporate,15800
2002-07,Residential,173700
2002-07,Corporate,15800
2002-08,Residential,181400
2002-08,Corporate,15800
2002-09,Residential,187100
2002-09,Corporate,15100
2002-10,Residential,193100
2002-10,Corporate,15900
2002-11,Residential,200800
2002-11,Corporate,16500
2002-12,Residential,213000
2002-12,Corporate,17200
2003-01,Residential,225400
2003-01,Corporate,18300
2003-01,Cable Modem,102900
2003-01,XDSL,140800
2003-02,Residential,237300
2003-02,Corporate,19100
2003-02,Cable Modem,106100
2003-02,XDSL,150300
2003-03,Residential,248400
2003-03,Corporate,19800
2003-03,Cable Modem,108400
2003-03,XDSL,159800
2003-04,Residential,261200
2003-04,Corporate,20300
2003-04,Cable Modem,111700
2003-04,XDSL,169800
2003-05,Residential,278200
2003-05,Corporate,21400
2003-05,Cable Modem,119500
2003-05,XDSL,180100
2003-06,Residential,289700
2003-06,Corporate,21900
2003-06,Cable Modem,122700
2003-06,XDSL,188900
2003-07,Residential,303700
2003-07,Corporate,22100
2003-07,Cable Modem,127200
2003-07,XDSL,198600
2003-08,Residential,315200
2003-08,Corporate,23000
2003-08,Cable Modem,131500
2003-08,XDSL,206700
2003-09,Residential,326200
2003-09,Corporate,22900
2003-09,Cable Modem,135500
2003-09,XDSL,213500
2003-10,Residential,333500
2003-10,Corporate,23900
2003-10,Cable Modem,136800
2003-10,XDSL,220600
2003-11,Residential,343100
2003-11,Corporate,24700
2003-11,Cable Modem,140300
2003-11,XDSL,227500
2003-12,Residential,360400
2003-12,Corporate,25400
2003-12,Cable Modem,150200
2003-12,XDSL,235600
2004-01,Residential,368200
2004-01,Corporate,26200
2004-01,Cable Modem,153800
2004-01,XDSL,240700
2004-02,Residential,378000
2004-02,Corporate,26900
2004-02,Cable Modem,159400
2004-02,XDSL,245600
2004-03,Residential,389100
2004-03,Corporate,27800
2004-03,Cable Modem,165700
2004-03,XDSL,251400
2004-04,Residential,395700
2004-04,Corporate,28200
2004-04,Cable Modem,169100
2004-04,XDSL,254900
2004-05,Residential,403400
2004-05,Corporate,29400
2004-05,Cable Modem,174300
2004-05,XDSL,258600
2004-06,Residential,411700
2004-06,Corporate,29800
2004-06,Cable Modem,180200
2004-06,XDSL,261400
2004-07,Residential,422300
2004-07,Corporate,37900
2004-07,Cable Modem,187600
2004-07,XDSL,267900
2004-07,Wireless,0
2004-07,Other Platforms,1600
2004-08,Residential,429400
2004-08,Corporate,38500
2004-08,Cable Modem,193700
2004-08,XDSL,269500
2004-08,Wireless,0
2004-08,Other Platforms,1600
2004-09,Residential,438300
2004-09,Corporate,39400
2004-09,Cable Modem,201200
2004-09,XDSL,271200
2004-09,Wireless,0
2004-09,Other Platforms,2200
2004-10,Residential,444400
2004-10,Corporate,40600
2004-10,Cable Modem,205300
2004-10,XDSL,274600
2004-10,Wireless,0
2004-10,Other Platforms,2100
2004-11,Residential,450100
2004-11,Corporate,40900
2004-11,Cable Modem,209500
2004-11,XDSL,275900
2004-11,Wireless,0
2004-11,Other Platforms,2600
2004-12,Residential,464300
2004-12,Corporate,41800
2004-12,Cable Modem,218500
2004-12,XDSL,282000
2004-12,Wireless,0
2004-12,Other Platforms,2500
2005-01,Residential,474100
2005-01,Corporate,43900
2005-01,Cable Modem,225600
2005-01,XDSL,286800
2005-01,Wireless,0
2005-01,Other Platforms,3300
2005-02,Residential,482300
2005-02,Corporate,43600
2005-02,Cable Modem,231300
2005-02,XDSL,289700
2005-02,Wireless,0
2005-02,Other Platforms,3100
2005-03,Residential,493600
2005-03,Corporate,45400
2005-03,Cable Modem,238300
2005-03,XDSL,294800
2005-03,Wireless,0
2005-03,Other Platforms,3600
2005-04,Residential,502200
2005-04,Corporate,46000
2005-04,Cable Modem,244000
2005-04,XDSL,298500
2005-04,Wireless,0
2005-04,Other Platforms,3400
2005-05,Residential,511700
2005-05,Corporate,46700
2005-05,Cable Modem,250600
2005-05,XDSL,301800
2005-05,Wireless,0
2005-05,Other Platforms,3800
2005-06,Residential,521900
2005-06,Corporate,48400
2005-06,Cable Modem,256400
2005-06,XDSL,306200
2005-06,Wireless,0
2005-06,Other Platforms,4600
2005-07,Residential,530600
2005-07,Corporate,48400
2005-07,Cable Modem,262200
2005-07,XDSL,309800
2005-07,Wireless,0
2005-07,Other Platforms,4100
2005-08,Residential,539100
2005-08,Corporate,49200
2005-08,Cable Modem,267800
2005-08,XDSL,313300
2005-08,Wireless,0
2005-08,Other Platforms,4100
2005-09,Residential,546800
2005-09,Corporate,50900
2005-09,Cable Modem,272900
2005-09,XDSL,316700
2005-09,Wireless,0
2005-09,Other Platforms,5000
2005-10,Residential,553200
2005-10,Corporate,52100
2005-10,Cable Modem,277900
2005-10,XDSL,319000
2005-10,Wireless,0
2005-10,Other Platforms,5300
2005-11,Residential,559800
2005-11,Corporate,53500
2005-11,Cable Modem,282000
2005-11,XDSL,322400
2005-11,Wireless,0
2005-11,Other Platforms,5800
2005-12,Residential,575900
2005-12,Corporate,53700
2005-12,Cable Modem,291500
2005-12,XDSL,330000
2005-12,Wireless,0
2005-12,Other Platforms,5000
2006-01,Residential,584700
2006-01,Corporate,54500
2006-01,Cable Modem,296400
2006-01,XDSL,334300
2006-01,Wireless,0
2006-01,Other Platforms,5500
2006-02,Residential,590400
2006-02,Corporate,54100
2006-02,Cable Modem,299700
2006-02,XDSL,337100
2006-02,Wireless,0
2006-02,Other Platforms,4700
2006-03,Residential,601900
2006-03,Corporate,54200
2006-03,Cable Modem,302600
2006-03,XDSL,346200
2006-03,Wireless,0
2006-03,Other Platforms,4300
2006-04,Residential,608200
2006-04,Corporate,54400
2006-04,Cable Modem,305000
2006-04,XDSL,350600
2006-04,Wireless,0
2006-04,Other Platforms,3900
2006-05,Residential,616600
2006-05,Corporate,54800
2006-05,Cable Modem,308100
2006-05,XDSL,356500
2006-05,Wireless,0
2006-05,Other Platforms,3700
2006-06,Residential,628700
2006-06,Corporate,55900
2006-06,Cable Modem,312100
2006-06,XDSL,365500
2006-06,Wireless,0
2006-06,Other Platforms,3900
2006-07,Residential,637300
2006-07,Corporate,57000
2006-07,Cable Modem,314600
2006-07,XDSL,372500
2006-07,Wireless,0
2006-07,Other Platforms,4200
2006-08,Residential,645700
2006-08,Corporate,57600
2006-08,Cable Modem,318500
2006-08,XDSL,378300
2006-08,Wireless,0
2006-08,Other Platforms,4300
2006-09,Residential,653100
2006-09,Corporate,59300
2006-09,Cable Modem,321200
2006-09,XDSL,384100
2006-09,Wireless,0
2006-09,Other Platforms,3800
2006-10,Residential,657400
2006-10,Corporate,61100
2006-10,Cable Modem,322500
2006-10,XDSL,388700
2006-10,Wireless,0
2006-10,Other Platforms,2900
2006-11,Residential,678000
2006-11,Corporate,60800
2006-11,Cable Modem,339800
2006-11,XDSL,392200
2006-11,Wireless,0
2006-11,Other Platforms,3500
2006-12,Residential,697200
2006-12,Corporate,60400
2006-12,Cable Modem,352600
2006-12,XDSL,399000
2006-12,Wireless,0
2006-12,Other Platforms,4100
2007-01,Residential,706600
2007-01,Corporate,62200
2007-01,Cable Modem,358000
2007-01,XDSL,403800
2007-01,Wireless,0
2007-01,Other Platforms,4000
2007-02,Residential,726300
2007-02,Corporate,62500
2007-02,Cable Modem,360100
2007-02,XDSL,406700
2007-02,Wireless,0
2007-02,Other Platforms,4000
2007-03,Residential,743400
2007-03,Corporate,64300
2007-03,Cable Modem,365000
2007-03,XDSL,414700
2007-03,Wireless,0
2007-03,Other Platforms,5100
2007-04,Residential,758700
2007-04,Corporate,66700
2007-04,Cable Modem,368800
2007-04,XDSL,420800
2007-04,Wireless,1554500
2007-04,Other Platforms,4800
2007-05,Residential,768200
2007-05,Corporate,67300
2007-05,Cable Modem,370900
2007-05,XDSL,424000
2007-05,Wireless,1625600
2007-05,Other Platforms,4400
2007-06,Residential,783100
2007-06,Corporate,67300
2007-06,Cable Modem,372300
2007-06,XDSL,430800
2007-06,Wireless,1731800
2007-06,Other Platforms,4500
2007-07,Residential,811800
2007-07,Corporate,69900
2007-07,Cable Modem,391400
2007-07,XDSL,436500
2007-07,Wireless,1817200
2007-07,Other Platforms,4600
2007-08,Residential,815500
2007-08,Corporate,72500
2007-08,Cable Modem,382800
2007-08,XDSL,441700
2007-08,Wireless,1906200
2007-08,Other Platforms,4600
2007-09,Residential,830400
2007-09,Corporate,74000
2007-09,Cable Modem,381800
2007-09,XDSL,447700
2007-09,Wireless,2010300
2007-09,Other Platforms,4500
2007-10,Residential,843600
2007-10,Corporate,75300
2007-10,Cable Modem,384000
2007-10,XDSL,451300
2007-10,Wireless,2115200
2007-10,Other Platforms,4900
2007-11,Residential,855400
2007-11,Corporate,81900
2007-11,Cable Modem,385000
2007-11,XDSL,461100
2007-11,Wireless,2232400
2007-11,Other Platforms,4900
2007-12,Residential,879300
2007-12,Corporate,77100
2007-12,Cable Modem,395600
2007-12,XDSL,463400
2007-12,Wireless,2383600
2007-12,Other Platforms,4200
2008-01,Residential,892100
2008-01,Corporate,81300
2008-01,Cable Modem,397500
2008-01,XDSL,471100
2008-01,Wireless,2503800
2008-01,Other Platforms,5200
2008-02,Residential,902900
2008-02,Corporate,80100
2008-02,Cable Modem,399200
2008-02,XDSL,473800
2008-02,Wireless,2605000
2008-02,Other Platforms,4700
2008-03,Residential,925100
2008-03,Corporate,81200
2008-03,Cable Modem,404300
2008-03,XDSL,481900
2008-03,Wireless,2745400
2008-03,Other Platforms,5100
2008-04,Residential,940500
2008-04,Corporate,82500
2008-04,Cable Modem,406800
2008-04,XDSL,486800
2008-04,Wireless,2862800
2008-04,Other Platforms,5200
2008-05,Residential,956700
2008-05,Corporate,89400
2008-05,Cable Modem,411900
2008-05,XDSL,491800
2008-05,Wireless,2979000
2008-05,Other Platforms,5300
2008-06,Residential,989600
2008-06,Corporate,95100
2008-06,Cable Modem,415500
2008-06,XDSL,497800
2008-06,Wireless,3103800
2008-06,Other Platforms,5600
2008-07,Residential,1010200
2008-07,Corporate,95200
2008-07,Cable Modem,419000
2008-07,XDSL,497800
2008-07,Wireless,3223100
2008-07,Other Platforms,5700
2008-08,Residential,1044800
2008-08,Corporate,98600
2008-08,Cable Modem,423500
2008-08,XDSL,498000
2008-08,Wireless,3339700
2008-08,Other Platforms,4600
2008-09,Residential,1074800
2008-09,Corporate,102900
2008-09,Cable Modem,432900
2008-09,XDSL,500800
2008-09,Wireless,3398200
2008-09,Other Platforms,4500
2008-10,Residential,1090300
2008-10,Corporate,105900
2008-10,Cable Modem,435900
2008-10,XDSL,501200
2008-10,Wireless,3525300
2008-10,Other Platforms,4500
2008-11,Residential,1120300
2008-11,Corporate,107900
2008-11,Cable Modem,451500
2008-11,XDSL,502200
2008-11,Wireless,3656600
2008-11,Other Platforms,4500
2008-12,Residential,1154200
2008-12,Corporate,108300
2008-12,Cable Modem,471500
2008-12,XDSL,502300
2008-12,Wireless,3737600
2008-12,Other Platforms,4600
2009-01,Residential,1179800
2009-01,Corporate,109400
2009-01,Cable Modem,485500
2009-01,XDSL,502500
2009-01,Wireless,3813300
2009-01,Other Platforms,4600
2009-02,Residential,1202700
2009-02,Corporate,111600
2009-02,Cable Modem,493900
2009-02,XDSL,503500
2009-02,Wireless,3881700
2009-02,Other Platforms,4600
2009-03,Residential,1265200
2009-03,Corporate,118200
2009-03,Cable Modem,512200
2009-03,XDSL,507000
2009-03,Wireless,3934100
2009-03,Other Platforms,4600
2009-04,Residential,1297900
2009-04,Corporate,120600
2009-04,Cable Modem,522300
2009-04,XDSL,508000
2009-04,Wireless,3967800
2009-04,Other Platforms,4500
2009-05,Residential,1331200
2009-05,Corporate,123600
2009-05,Cable Modem,532100
2009-05,XDSL,508400
2009-05,Wireless,4021100
2009-05,Other Platforms,4500
2009-06,Residential,1369900
2009-06,Corporate,124200
2009-06,Cable Modem,536100
2009-06,XDSL,510000
2009-06,Wireless,4075800
2009-06,Other Platforms,4400
2009-07,Residential,1400300
2009-07,Corporate,131100
2009-07,Cable Modem,546800
2009-07,XDSL,511100
2009-07,Wireless,4203800
2009-07,Other Platforms,5300
2009-08,Residential,1434300
2009-08,Corporate,134100
2009-08,Cable Modem,552400
2009-08,XDSL,512700
2009-08,Wireless,4299300
2009-08,Other Platforms,5300
2009-09,Residential,1487300
2009-09,Corporate,136700
2009-09,Cable Modem,548100
2009-09,XDSL,513000
2009-09,Wireless,4397500
2009-09,Other Platforms,5400
2009-10,Residential,1536800
2009-10,Corporate,138700
2009-10,Cable Modem,553000
2009-10,XDSL,513700
2009-10,Wireless,4490200
2009-10,Other Platforms,6100
2009-11,Residential,1592600
2009-11,Corporate,147600
2009-11,Cable Modem,560800
2009-11,XDSL,514000
2009-11,Wireless,4597600
2009-11,Other Platforms,5700
2009-12,Residential,1654800
2009-12,Corporate,150000
2009-12,Cable Modem,577300
2009-12,XDSL,518300
2009-12,Wireless,4717400
2009-12,Other Platforms,5800
2010-01,Residential,1732800
2010-01,Corporate,153600
2010-01,Cable Modem,611800
2010-01,XDSL,519900
2010-01,Wireless,4831900
2010-01,Other Platforms,6000
2010-02,Residential,1769600
2010-02,Corporate,161600
2010-02,Cable Modem,620400
2010-02,XDSL,521700
2010-02,Wireless,4933000
2010-02,Other Platforms,5700
2010-03,Residential,1836800
2010-03,Corporate,167800
2010-03,Cable Modem,630300
2010-03,XDSL,534700
2010-03,Wireless,5053400
2010-03,Other Platforms,5800
2010-04,Residential,1874900
2010-04,Corporate,171800
2010-04,Cable Modem,637700
2010-04,XDSL,534800
2010-04,Wireless,5210900
2010-04,Other Platforms,5600
2010-05,Residential,1914600
2010-05,Corporate,172100
2010-05,Cable Modem,647800
2010-05,XDSL,536000
2010-05,Wireless,5398600
2010-05,Other Platforms,4900
2010-06,Residential,1962700
2010-06,Corporate,177200
2010-06,Cable Modem,654500
2010-06,XDSL,550400
2010-06,Wireless,5581200
2010-06,Other Platforms,5000
2010-07,Residential,2009900
2010-07,Corporate,194700
2010-07,Cable Modem,660900
2010-07,XDSL,557200
2010-07,Wireless,5773000
2010-07,Other Platforms,5900
2010-08,Residential,2053500
2010-08,Corporate,194700
2010-08,Cable Modem,661200
2010-08,XDSL,559800
2010-08,Wireless,5950400
2010-08,Other Platforms,6100
2010-09,Residential,2112600
2010-09,Corporate,200600
2010-09,Cable Modem,663800
2010-09,XDSL,566200
2010-09,Wireless,6120700
2010-09,Other Platforms,7700
2010-10,Residential,2146000
2010-10,Corporate,206700
2010-10,Cable Modem,667700
2010-10,XDSL,567800
2010-10,Wireless,6286200
2010-10,Other Platforms,6300
2010-11,Residential,2185100
2010-11,Corporate,212600
2010-11,Cable Modem,674100
2010-11,XDSL,567700
2010-11,Wireless,6434900
2010-11,Other Platforms,8800
2010-12,Residential,2231400
2010-12,Corporate,217700
2010-12,Cable Modem,678800
2010-12,XDSL,569400
2010-12,Wireless,6587200
2010-12,Other Platforms,13800
2011-01,Residential,2261400
2011-01,Corporate,219600
2011-01,Cable Modem,677500
2011-01,XDSL,563800
2011-01,Wireless,6702200
2011-01,Other Platforms,16100
2011-02,Residential,2284300
2011-02,Corporate,223600
2011-02,Cable Modem,677900
2011-02,XDSL,564800
2011-02,Wireless,6791200
2011-02,Other Platforms,18900
2011-03,Residential,1190300
2011-03,Corporate,78500
2011-03,Cable Modem,681000
2011-03,XDSL,563700
2011-03,Wireless,6954000
2011-03,Other Platforms,24200
2011-04,Residential,1201000
2011-04,Corporate,79200
2011-04,Cable Modem,684500
2011-04,XDSL,566500
2011-04,Wireless,7073200
2011-04,Other Platforms,29200
2011-05,Residential,1206700
2011-05,Corporate,80500
2011-05,Cable Modem,687700
2011-05,XDSL,565500
2011-05,Wireless,7198400
2011-05,Other Platforms,34000
2011-06,Residential,1220600
2011-06,Corporate,84200
2011-06,Cable Modem,695500
2011-06,XDSL,563400
2011-06,Wireless,7326500
2011-06,Other Platforms,2300
2011-07,Residential,1221500
2011-07,Corporate,82900
2011-07,Cable Modem,693000
2011-07,XDSL,561100
2011-07,Wireless,7440600
2011-07,Other Platforms,2800
2011-08,Residential,1228500
2011-08,Corporate,83300
2011-08,Cable Modem,696200
2011-08,XDSL,558700
2011-08,Wireless,7539900
2011-08,Other Platforms,2500
2011-09,Residential,1231700
2011-09,Corporate,83700
2011-09,Cable Modem,685900
2011-09,XDSL,559000
2011-09,Wireless,7644600
2011-09,Other Platforms,2400
2011-10,Residential,1232400
2011-10,Corporate,84500
2011-10,Cable Modem,683500
2011-10,XDSL,554800
2011-10,Wireless,7735400
2011-10,Other Platforms,2700
2011-11,Residential,1235300
2011-11,Corporate,85200
2011-11,Cable Modem,682200
2011-11,XDSL,547700
2011-11,Wireless,7812800
2011-11,Other Platforms,3400
2011-12,Residential,1237900
2011-12,Corporate,85500
2011-12,Cable Modem,679300
2011-12,XDSL,542200
2011-12,Wireless,7898900
2011-12,Other Platforms,3200
2012-01,Residential,1237300
2012-01,Corporate,85800
2012-01,Cable Modem,675600
2012-01,XDSL,536000
2012-01,Wireless,7949800
2012-01,Other Platforms,3100
2012-02,Residential,1235700
2012-02,Corporate,86300
2012-02,Cable Modem,670400
2012-02,XDSL,529700
2012-02,Wireless,7978400
2012-02,Other Platforms,3500
2012-03,Residential,1243300
2012-03,Corporate,86700
2012-03,Cable Modem,666200
2012-03,XDSL,527100
2012-03,Wireless,8111900
2012-03,Other Platforms,3600
2012-04,Residential,1236700
2012-04,Corporate,88500
2012-04,Cable Modem,661100
2012-04,XDSL,518300
2012-04,Wireless,8171800
2012-04,Other Platforms,4100
2012-05,Residential,1242000
2012-05,Corporate,89400
2012-05,Cable Modem,657100
2012-05,XDSL,507700
2012-05,Wireless,8206000
2012-05,Other Platforms,4200
2012-06,Residential,1249100
2012-06,Corporate,90000
2012-06,Cable Modem,655000
2012-06,XDSL,498200
2012-06,Wireless,8305600
2012-06,Other Platforms,4300
2012-07,Residential,1251800
2012-07,Corporate,90600
2012-07,Cable Modem,651900
2012-07,XDSL,487700
2012-07,Wireless,8405900
2012-07,Other Platforms,4400
2012-08,Residential,1259700
2012-08,Corporate,91000
2012-08,Cable Modem,653500
2012-08,XDSL,480100
2012-08,Wireless,8457600
2012-08,Other Platforms,4400
2012-09,Residential,1265000
2012-09,Corporate,91400
2012-09,Cable Modem,650600
2012-09,XDSL,470200
2012-09,Wireless,8514600
2012-09,Other Platforms,4300
2012-10,Residential,1271800
2012-10,Corporate,92000
2012-10,Cable Modem,650000
2012-10,XDSL,461400
2012-10,Wireless,8620200
2012-10,Other Platforms,4800
2012-11,Residential,1272700
2012-11,Corporate,92700
2012-11,Cable Modem,640000
2012-11,XDSL,454400
2012-11,Wireless,8710800
2012-11,Other Platforms,4400
2012-12,Residential,1277600
2012-12,Corporate,93400
2012-12,Cable Modem,638500
2012-12,XDSL,443300
2012-12,Wireless,8823900
2012-12,Other Platforms,4500
2013-01,Residential,1287300
2013-01,Corporate,93700
2013-01,Cable Modem,640600
2013-01,XDSL,435000
2013-01,Wireless,8927600
2013-01,Other Platforms,4400
2013-02,Residential,1250200
2013-02,Corporate,94100
2013-02,Cable Modem,597200
2013-02,XDSL,429200
2013-02,Wireless,8994700
2013-02,Other Platforms,4400
2013-03,Residential,1254700
2013-03,Corporate,94500
2013-03,Cable Modem,591200
2013-03,XDSL,421600
2013-03,Wireless,8995000
2013-03,Other Platforms,4400
2013-04,Residential,1258200
2013-04,Corporate,95200
2013-04,Cable Modem,586500
2013-04,XDSL,414900
2013-04,Wireless,9107300
2013-04,Other Platforms,4500
2013-05,Residential,1260400
2013-05,Corporate,95400
2013-05,Cable Modem,582000
2013-05,XDSL,406200
2013-05,Wireless,9190200
2013-05,Other Platforms,3300
2013-06,Residential,1265100
2013-06,Corporate,95400
2013-06,Cable Modem,576500
2013-06,XDSL,392900
2013-06,Wireless,9400500
2013-06,Other Platforms,3300
2013-07,Residential,1269000
2013-07,Corporate,95900
2013-07,Cable Modem,571100
2013-07,XDSL,381500
2013-07,Wireless,8859900
2013-07,Other Platforms,3800
2013-08,Residential,1273700
2013-08,Corporate,96400
2013-08,Cable Modem,567000
2013-08,XDSL,370100
2013-08,Wireless,8948300
2013-08,Other Platforms,3700
2013-09,Residential,1279900
2013-09,Corporate,96700
2013-09,Cable Modem,563700
2013-09,XDSL,358100
2013-09,Wireless,9038900
2013-09,Other Platforms,3500
2013-10,Residential,1282600
2013-10,Corporate,97500
2013-10,Cable Modem,560900
2013-10,XDSL,346900
2013-10,Wireless,9093000
2013-10,Other Platforms,3500
2013-11,Residential,1288500
2013-11,Corporate,98200
2013-11,Cable Modem,559700
2013-11,XDSL,336600
2013-11,Wireless,9184300
2013-11,Other Platforms,3500
2013-12,Residential,1292100
2013-12,Corporate,98700
2013-12,Cable Modem,557400
2013-12,XDSL,324500
2013-12,Wireless,9260100
2013-12,Other Platforms,3300
2014-01,Residential,1301600
2014-01,Corporate,99000
2014-01,Cable Modem,554400
2014-01,XDSL,316100
2014-01,Wireless,9298100
2014-01,Other Platforms,4000
2014-02,Residential,1304900
2014-02,Corporate,98300
2014-02,Cable Modem,551600
2014-02,XDSL,309400
2014-02,Wireless,9314200
2014-02,Other Platforms,3200
2014-03,Residential,1309000
2014-03,Corporate,99500
2014-03,Cable Modem,546700
2014-03,XDSL,299800
2014-03,Wireless,10064300
2014-03,Other Platforms,3600
2014-04,Residential,1312100
2014-04,Corporate,100100
2014-04,Cable Modem,543300
2014-04,XDSL,291800
2014-04,Wireless,10155900
2014-04,Other Platforms,3600
2014-05,Residential,1315800
2014-05,Corporate,96000
2014-05,Cable Modem,539900
2014-05,XDSL,283700
2014-05,Wireless,10164300
2014-05,Other Platforms,1600
2014-06,Residential,1325200
2014-06,Corporate,100600
2014-06,Cable Modem,532600
2014-06,XDSL,276800
2014-06,Wireless,10137500
2014-06,Other Platforms,2100
2014-07,Residential,1327900
2014-07,Corporate,101100
2014-07,Cable Modem,526900
2014-07,XDSL,269300
2014-07,Wireless,10116600
2014-07,Other Platforms,3800
2014-08,Residential,1333200
2014-08,Corporate,105200
2014-08,Cable Modem,524700
2014-08,XDSL,263600
2014-08,Wireless,10110600
2014-08,Other Platforms,6500
2014-09,Residential,1339700
2014-09,Corporate,105500
2014-09,Cable Modem,520700
2014-09,XDSL,256200
2014-09,Wireless,10066700
2014-09,Other Platforms,6200
2014-10,Residential,1342000
2014-10,Corporate,105200
2014-10,Cable Modem,514700
2014-10,XDSL,250100
2014-10,Wireless,10073900
2014-10,Other Platforms,5600
2014-11,Residential,1345700
2014-11,Corporate,106200
2014-11,Cable Modem,510600
2014-11,XDSL,243200
2014-11,Wireless,10072300
2014-11,Other Platforms,6200
2014-12,Residential,1347500
2014-12,Corporate,106300
2014-12,Cable Modem,503800
2014-12,XDSL,236300
2014-12,Wireless,10088300
2014-12,Other Platforms,5500
2015-01,Residential,1349400
2015-01,Corporate,106400
2015-01,Cable Modem,498600
2015-01,XDSL,226700
2015-01,Wireless,10062200
2015-01,Other Platforms,5200
2015-02,Residential,1349800
2015-02,Corporate,105400
2015-02,Cable Modem,492400
2015-02,XDSL,218900
2015-02,Wireless,10067000
2015-02,Other Platforms,4500
2015-03,Residential,1352600
2015-03,Corporate,107900
2015-03,Cable Modem,486200
2015-03,XDSL,210100
2015-03,Wireless,10101500
2015-03,Other Platforms,6200
2015-04,Residential,1354900
2015-04,Corporate,109000
2015-04,Cable Modem,478500
2015-04,XDSL,203200
2015-04,Wireless,10153600
2015-04,Other Platforms,6600
2015-05,Residential,1356000
2015-05,Corporate,110100
2015-05,Cable Modem,470100
2015-05,XDSL,195900
2015-05,Wireless,10188400
2015-05,Other Platforms,7500
2015-06,Residential,1358300
2015-06,Corporate,111000
2015-06,Cable Modem,460000
2015-06,XDSL,188900
2015-06,Wireless,10229200
2015-06,Other Platforms,8100
2015-07,Residential,1358300
2015-07,Corporate,110100
2015-07,Cable Modem,449400
2015-07,XDSL,180900
2015-07,Wireless,10282700
2015-07,Other Platforms,6600
2015-08,Residential,1361000
2015-08,Corporate,110800
2015-08,Cable Modem,439700
2015-08,XDSL,173900
2015-08,Wireless,10335300
2015-08,Other Platforms,6900
2015-09,Residential,1363600
2015-09,Corporate,111500
2015-09,Cable Modem,428500
2015-09,XDSL,166900
2015-09,Wireless,10363900
2015-09,Other Platforms,6500
2015-10,Residential,1361500
2015-10,Corporate,112500
2015-10,Cable Modem,413600
2015-10,XDSL,159600
2015-10,Wireless,10388200
2015-10,Other Platforms,7000
2015-11,Residential,1361200
2015-11,Corporate,113700
2015-11,Cable Modem,401600
2015-11,XDSL,153600
2015-11,Wireless,10445000
2015-11,Other Platforms,7500
2015-12,Residential,1359900
2015-12,Corporate,113400
2015-12,Cable Modem,387100
2015-12,XDSL,147200
2015-12,Wireless,10518800
2015-12,Other Platforms,6700
2016-01,Residential,1359300
2016-01,Corporate,113100
2016-01,Cable Modem,373700
2016-01,XDSL,141200
2016-01,Wireless,10577000
2016-01,Other Platforms,6000
2016-02,Residential,1358100
2016-02,Corporate,112800
2016-02,Cable Modem,360200
2016-02,XDSL,135700
2016-02,Wireless,10619200
2016-02,Other Platforms,6400
2016-03,Residential,1357700
2016-03,Corporate,114200
2016-03,Cable Modem,344200
2016-03,XDSL,131200
2016-03,Wireless,10645000
2016-03,Other Platforms,7200
2016-04,Residential,1358300
2016-04,Corporate,113800
2016-04,Cable Modem,330200
2016-04,XDSL,124700
2016-04,Wireless,10696700
2016-04,Other Platforms,6900
2016-05,Residential,1356900
2016-05,Corporate,113900
2016-05,Cable Modem,316800
2016-05,XDSL,118000
2016-05,Wireless,10744400
2016-05,Other Platforms,6600
2016-06,Residential,1347900
2016-06,Corporate,116500
2016-06,Cable Modem,302800
2016-06,XDSL,102500
2016-06,Wireless,10808100
2016-06,Other Platforms,8100
2016-07,Residential,1344700
2016-07,Corporate,117300
2016-07,Cable Modem,290300
2016-07,XDSL,96700
2016-07,Wireless,10878200
2016-07,Other Platforms,9100
2016-08,Residential,1333100
2016-08,Corporate,117700
2016-08,Cable Modem,279100
2016-08,XDSL,80900
2016-08,Wireless,10925500
2016-08,Other Platforms,8700
2016-09,Residential,1334300
2016-09,Corporate,116100
2016-09,Cable Modem,269200
2016-09,XDSL,76600
2016-09,Wireless,11033800
2016-09,Other Platforms,7100
2016-10,Residential,1333900
2016-10,Corporate,116700
2016-10,Cable Modem,261200
2016-10,XDSL,72400
2016-10,Wireless,10997200
2016-10,Other Platforms,7900
2016-11,Residential,1337400
2016-11,Corporate,118100
2016-11,Cable Modem,253300
2016-11,XDSL,69800
2016-11,Wireless,11028100
2016-11,Other Platforms,7700
2016-12,Residential,1335900
2016-12,Corporate,118800
2016-12,Cable Modem,243900
2016-12,XDSL,66000
2016-12,Wireless,11088900
2016-12,Other Platforms,8200
2017-01,Residential,1338000
2017-01,Corporate,118400
2017-01,Cable Modem,235800
2017-01,XDSL,62000
2017-01,Wireless,11114800
2017-01,Other Platforms,8000
2017-02,Residential,1338100
2017-02,Corporate,118400
2017-02,Cable Modem,229400
2017-02,XDSL,59100
2017-02,Wireless,11144900
2017-02,Other Platforms,7600
2017-03,Residential,1339800
2017-03,Corporate,121300
2017-03,Cable Modem,222300
2017-03,XDSL,56800
2017-03,Wireless,11239200
2017-03,Other Platforms,8600
2017-04,Residential,1339500
2017-04,Corporate,121000
2017-04,Cable Modem,216500
2017-04,XDSL,53800
2017-04,Wireless,11466700
2017-04,Other Platforms,8200
2017-05,Residential,1336500
2017-05,Corporate,118300
2017-05,Cable Modem,209000
2017-05,XDSL,50200
2017-05,Wireless,11386700
2017-05,Other Platforms,4900
2017-06,Residential,1339700
2017-06,Corporate,122000
2017-06,Cable Modem,206600
2017-06,XDSL,47600
2017-06,Wireless,11599500
2017-06,Other Platforms,7700
2017-07,Residential,1339900
2017-07,Corporate,124000
2017-07,Cable Modem,201400
2017-07,XDSL,45200
2017-07,Wireless,11662600
2017-07,Other Platforms,9000
2017-08,Residential,1341400
2017-08,Corporate,124500
2017-08,Cable Modem,197000
2017-08,XDSL,43000
2017-08,Wireless,11540700
2017-08,Other Platforms,8600
2017-09,Residential,1343400
2017-09,Corporate,125100
2017-09,Cable Modem,193400
2017-09,XDSL,40800
2017-09,Wireless,11510900
2017-09,Other Platforms,8500
2017-10,Residential,1344300
2017-10,Corporate,125900
2017-10,Cable Modem,189600
2017-10,XDSL,38500
2017-10,Wireless,11492100
2017-10,Other Platforms,8300
2017-11,Residential,1343700
2017-11,Corporate,125000
2017-11,Cable Modem,185800
2017-11,XDSL,35000
2017-11,Wireless,11569300
2017-11,Other Platforms,9700
2017-12,Residential,1343200
2017-12,Corporate,127100
2017-12,Cable Modem,180300
2017-12,XDSL,33000
2017-12,Wireless,11602500
2017-12,Other Platforms,10600
2018-01,Residential,1344100
2018-01,Corporate,126300
2018-01,Cable Modem,176100
2018-01,XDSL,29600
2018-01,Wireless,10758400
2018-01,Other Platforms,10000
2018-02,Residential,1344700
2018-02,Corporate,128200
2018-02,Cable Modem,172600
2018-02,XDSL,27300
2018-02,Wireless,10681100
2018-02,Other Platforms,9800
2018-03,Residential,1345700
2018-03,Corporate,129800
2018-03,Cable Modem,168800
2018-03,XDSL,24500
2018-03,Wireless,10879800
2018-03,Other Platforms,11200
2018-04,Residential,1345100
2018-04,Corporate,129600
2018-04,Cable Modem,165300
2018-04,XDSL,19600
2018-04,Wireless,10864500
2018-04,Other Platforms,10900
2018-05,Residential,1346400
2018-05,Corporate,130100
2018-05,Cable Modem,161300
2018-05,XDSL,17700
2018-05,Wireless,10862200
2018-05,Other Platforms,10500
2018-06,Residential,1348100
2018-06,Corporate,130600
2018-06,Cable Modem,156200
2018-06,XDSL,16100
2018-06,Wireless,10930900
2018-06,Other Platforms,10700
2018-07,Residential,1348900
2018-07,Corporate,13100
2018-07,Cable Modem,150800
2018-07,XDSL,14700
2018-07,Wireless,11124200
2018-07,Other Platforms,10400
2018-08,Residential,1350500
2018-08,Corporate,131100
2018-08,Cable Modem,145900
2018-08,XDSL,13500
2018-08,Wireless,11217000
2018-08,Other Platforms,10100
